{"best_train_loss": 2.410163164138794, "best_val_loss": 2.683697439432144}