{"best_train_loss": 2.1232218742370605, "best_val_loss": 2.58214755654335}