{"tokens_per_batch":4096,"current_epoch_time":21.757423639297485,"dropout":0,"device":"cuda","optimizer":"AdamW","loss":4.774187088012695,"trainable_params":124475904,"min_lr":5.9999999999999995e-05,"_step":21,"tokens_per_sec":24096.97070259043,"total_batch_size":524288,"warmup_steps":10,"vocab_size":50304,"mini_block_size":1024,"total_params":124475904,"norm":4.6971025466918945,"num_layers":12,"mini_batch_size":4,"embedding_size":768,"max_steps":50,"_wandb":{"runtime":477},"grad_accum_steps":128,"avg_time":21.064460396766663,"total_tokens_per_step":524288,"epochs":21,"max_lr":0.0006,"best_train_loss":4.774187088012695,"_runtime":468.1771554,"_timestamp":1.7309299622555096e+09,"num_heads":12,"avg_tokens_per_sec":25044.138865818244}