{"avg_time":21.960165214538574,"_wandb":{"runtime":443},"epochs":19,"best_train_loss":4.906785011291504,"warmup_steps":10,"avg_tokens_per_sec":23978.91045992218,"grad_accum_steps":128,"mini_block_size":1024,"loss":4.906785011291504,"total_params":124475904,"max_lr":0.0006,"_runtime":443.9490681,"num_layers":12,"tokens_per_sec":25325.224505073013,"device":"cuda","learning_rate":0.00011156541151876421,"trainable_params":124475904,"current_epoch_time":20.702205419540405,"tokens_per_batch":4096,"num_heads":12,"vocab_size":50304,"_step":19,"optimizer":"AdamW","mini_batch_size":4,"total_batch_size":524288,"min_lr":5.9999999999999995e-05,"_timestamp":1.7309304969414117e+09,"norm":1.2338812351226807,"dropout":0,"max_steps":20,"total_tokens_per_step":524288,"embedding_size":768}